OpenDSS Value (p.u.),Bus
1.0503621652018575,p1ulv36966
1.0605174890003737,udm40237
1.0830902087176812,p1ulv34771
