OpenDSS Value (p.u.),Bus
1.0502475228144619,p1ulv5092
1.05667353909146,p1ulv57224
1.075182951678807,udm17586
1.092508875309658,p1ulv10025
1.1019896271031393,p1ulv52370
1.1145438257775708,p1ulv48677
