OpenDSS Value (p.u.),Bus
1.0532019005420865,p1ulv22205
1.055747400408033,udm34413
1.0573587202899823,p1ulv12091
1.0808568716105027,p1ulv35788
