OpenDSS Value (p.u.),Bus
1.0513107294144073,p1ulv31858
1.0513776966016124,p1ulv27862
1.0515178705583994,p1ulv3356
1.0737880311484396,udm6348
1.0946857913514807,p1ulv3374
1.0966913072611177,p1ulv37891
