OpenDSS Value (p.u.),Bus
1.0500397830598325,udt3654lv
1.0503337904284304,p1ulv11870
1.0508521785174565,p1ulv52768
1.0519066732048388,p1ulv39927
1.0523794306814105,p1ulv7995
1.0559280036202703,p1ulv52433
1.0559338975779617,udt3653lv
1.059307926662789,p1ulv7994
1.0621100166280408,p1ulv58052
1.0714613926465246,p1ulv56482
1.0738955586534162,p1ulv9530
1.0840642570296293,p1ulv9531
1.087900684028973,p1ulv54274
1.1016103151087302,p1ulv57706
1.1024161528687781,p1ulv44963
1.123922052609655,p1ulv40486
