Loading (p.u.),Name,Bus1,Bus2
1.0057704220971482,Line.l(r:udm38506-udt11397lv),udt11397lv.1.2.3,udm38506.1.2.3
1.005770705981446,Line.l(r:p1ulv45954-udm38506),udm38506.1.2.3,p1ulv45954.1.2.3
2.7106855509055015,Line.l(r:p1ulv43940-udt17255lv),udt17255lv.1.2,p1ulv43940.1.2
2.9119997275645297,Line.l(r:p1ulv49384-udt18705lv),udt18705lv.1.2,p1ulv49384.1.2
2.9155800918735997,Line.l(r:p1ulv24691-udt10601lv),udt10601lv.1.2,p1ulv24691.1.2
2.9220141885770947,Line.l(r:p1ulv4335-udt1929lv),udt1929lv.1.2,p1ulv4335.1.2
2.9348308519320994,Line.l(r:p1ulv42400-udt16714lv),udt16714lv.1.2,p1ulv42400.1.2
2.9368719763959814,Line.l(r:p1ulv42724-udt16784lv),udt16784lv.1.2,p1ulv42724.1.2
3.15901819830282,Line.l(r:p1ulv19843-udt9287lv),udt9287lv.1.2,p1ulv19843.1.2
