Loading (p.u.),Name,Bus and Phases,kVA,Number of Phases
1.2084865728326366,Transformer.tr(r:udt2835-udt2835lv),udt2835.3,75.0,1
1.8106221574997747,Transformer.tr(r:udt2839-udt2839lv),udt2839.3,50.0,1
2.1634530556428495,Transformer.tr(r:udt9749-udt9749lv),udt9749,100.0,3
2.8945540830203558,Transformer.tr(r:udt3343-udt3343lv),udt3343.2,50.0,1
