OpenDSS Value (p.u.),Bus
1.0593120757053975,p1ulv58487
1.0599019428854248,p1ulv49888
1.0620166722298607,p1ulv59908
1.0636310026575257,p1ulv56316
1.068586306976651,p1ulv48576
1.07661690392269,p1ulv24343
