OpenDSS Value (p.u.),Bus
1.050620940123794,p1ulv19247
1.0568061138508045,udm32035
1.0575093493459564,p1ulv40751
1.062015105177266,p1ulv35584
1.0645782728831807,p1ulv27219
1.0649203594909724,udm32034
1.0654897047540528,udm32033
1.069874721760761,p1ulv19251
1.094057555474196,p1ulv28029
