OpenDSS Value (p.u.),Bus
1.0681304623913686,p1ulv56991
1.084081960781044,p1ulv43220
