OpenDSS Value (p.u.),Bus
1.054653696214324,udt14752lv
1.0553368086296477,p1ulv36966
1.064962046523249,udm40237
1.0874299397770217,p1ulv34771
