OpenDSS Value (p.u.),Bus
1.0521691480144826,udm43829
1.059366874340572,p1ulv35565
1.0596312898530627,p1ulv49327
1.0597902083719997,p1ulv35012
1.0625133267743447,udm30897
1.0627198832810718,p1ulv42619
1.0652929959274153,p1ulv10420
1.0680432551705694,p1ulv32252
1.07511387149363,p1ulv16119
1.0775553319950926,p1ulv30626
1.0808656205097629,udm2869
1.0899758914203164,p1ulv44418
1.1107443779874129,p1ulv1286
1.1214439314348736,p1ulv39163
