OpenDSS Value (p.u.),Bus
1.056188680752753,p1ulv35521
1.059095807278252,p1ulv44559
1.064422528926372,p1ulv50398
