OpenDSS Value (p.u.),Bus
1.0540221948662036,p1ulv43343
1.0591541909577733,p1ulv54175
1.0615903741961419,udm57296
1.0821937715768137,p1ulv53280
