Year, kWh, kvarh, "Peak kW", "peak kVA", "Losses kWh", "Losses kvarh", "Peak Losses kW"
0, 72285.792304781, 8730.91579298174, 12047.6320507968, 12135.1929203569, 7646.90711277791, 16972.9543632292, 1274.48451879632
