hour, t(sec), V1, VAngle1, V2, VAngle2, V3, VAngle3, I1, IAngle1, I2, IAngle2, I3, IAngle3
1, 0.00000, 2536.33, -0.0138889, 2491.55, -120.013, 2536.37, 119.983, 562.614, -28.6957, 419.034, -141.305, 591.799, 93.3862
