OpenDSS Value (p.u.),Bus
1.0510047663021156,p1ulv40404
1.0513871686955174,p1ulv49900
1.0531143453442013,udm47369
1.055482102198927,p1ulv51731
1.0576272913722689,p1ulv55908
1.0616164994417487,udm940
1.0634266698456127,p1ulv5013
1.0672303540262096,p1ulv44635
1.0681813162342215,p1ulv59464
1.0695631157672598,p1ulv54369
1.073223957023596,p1ulv51354
1.074719646473274,p1ulv39782
1.0769205342045363,p1ulv46996
1.0814848337125746,p1ulv60985
1.0834642733779551,p1ulv5832
