OpenDSS Value (p.u.),Bus
1.0531815845511836,p1ulv8806
1.0541996747361189,p1ulv26900
1.0545964355257749,p1ulv60449
1.0562182290730997,p1ulv36060
1.0589491925012442,p1ulv38797
1.0614092868893974,udm430
1.0616795865464834,p1ulv42350
1.0639787410594592,p1ulv47092
1.0681697640747285,p1ulv28629
1.069037356310212,p1ulv10110
1.0691777447122044,udm4160
1.078973328120808,p1ulv2855
1.0810461422928905,p1ulv58512
1.0815131742569999,udm429
1.096881988541361,p1ulv38291
