OpenDSS Value (p.u.),Bus
1.0545416105864953,p1ulv29647
1.0570676140041904,p1ulv9980
1.0656034282654387,p1ulv24815
